{
	"version": "0.2.0",
	"configurations": [
		{
			"name": "Wing 内置播放器调试",
			"type": "chrome",
			"request": "launch",
			"file": "index.html",
			"runtimeExecutable": "${execPath}",
			"useBuildInServer": true,
			"sourceMaps": true,
			"webRoot": "${workspaceRoot}",
         	"preLaunchTask":"build",
			"port":5554
		},
		{
			"name": "使用本机 Chrome 调试",
			"type": "chrome",
			"request": "launch",
			"file": "index.html",
			"runtimeExecutable": "/Applications/Google Chrome.app/Contents/MacOS/Google Chrome", // 改成您的 Chrome 安装路径
			"useBuildInServer": true,
			"sourceMaps": true,
			"webRoot": "${workspaceRoot}",
         	"preLaunchTask":"build",
			"port":5554
		},
		{
			"name": "附加到 Chrome 进程",
			"type": "chrome",
			"request": "attach",
			"port": 9222,
			"webRoot": "${workspaceRoot}"
		}
	]
}