{
"texture":"leaftexiao.png",
"endRotationVariance":292.07
,"endRed":255
,"emitAngle":270
,"emitterType":0
,"speedVariance":0
,"lifespanVariance":700
,"emitterVariance":{"x":600,"y":40}
,"startAlpha":0.8901960784313725
,"startBlue":255
,"endAlpha":1
,"radialAcceleration":0
,"blendFactorDestination":"oneMinusSourceAlpha"
,"lifespan":6750
,"endGreen":255
,"blendFactorSource":"one"
,"tangentialAccelerationVariance":0
,"radialAccelerationVariance":0
,"endRedVariance":0
,"endAlphaVariance":0
,"tangentialAcceleration":0
,"startBlueVariance":0
,"engGreenVariance":0
,"minRadius":20
,"startGreenVariance":0
,"maxRadius":100
,"minRadiusVariance":10
,"startSize":20
,"maxRadiusVariance":30
,"rotatePerSecond":30
,"startSizeVariance":10
,"rotatePerSecondVariance":10
,"startGreen":255
,"startRedVariance":0
,"endBlue":255
,"endSizeVariance":5
,"speed":39.82
,"startRed":255
,"startAlphaVariance":0
,"endSize":20
,"emitAngleVariance":360
,"duration":-1
,"startRotation":0
,"emitter":{"x":-50,"y":-50}
,"gravity":{"x":30,"y":30}
,"startRotationVariance":45
,"endBlueVariance":0
,"maxParticles":10
,"endRotation":263.58
}