{
	"groups":[
	{
		"keys":"bg_png,shakeBtn_png,normalTree_png,leaftexiao_json,leaftexiao_png,newParticle_png,newParticle_json",
		"name":"preload"
	}],
	"resources":[
	{
		"name":"bg_png",
		"type":"image",
		"url":"assets/bg.png"
	},
	{
		"name":"shakeBtn_png",
		"type":"image",
		"url":"assets/shakeBtn.png"
	},
	{
		"name":"normalTree_png",
		"type":"image",
		"url":"assets/normalTree.png"
	},
	{
		"name":"leaftexiao_json",
		"type":"json",
		"url":"assets/leaftexiao.json"
	},
	{
		"name":"leaftexiao_png",
		"type":"image",
		"url":"assets/leaftexiao.png"
	},
	{
		"name":"newParticle_json",
		"type":"json",
		"url":"assets/newParticle.json"
	},
	{
		"name":"newParticle_png",
		"type":"image",
		"url":"assets/newParticle.png"
	}]
}